,content
0,Seru banget ...langsung dapat promo...teteh nya cakep n ramah pisan...datang lagi aaah
1,kacauu pesanan di cancel tapi saldo ga di refund
2,Bagus
3,Baik sekali
4,"JANGAN PAKAI APLIKASI INI BUAT PESAN, NOMINAL KECIL AJA REFFUND-NYA 7X24 JAM APALAGI NOMINAL BESAR. GA WORTH IT DAH MENDINGAN CARI TEMPAT LAIN AJA DI KK / JJ LEBIH OKE DAN CEPET KETIMBANG SINI."
5,Mantap
6,Setelah ku update knp gabisa d buka ya ? Pas d buka malah masuk ke pengaturan aplikasi tomoro?
7,Bagus pelayanannya dan enak
8,"Suka sama aplikasinya, cocok buat orang introvert kayak aku. mudah dan gak perlu harus nunggu di sana. Tinggal pick up aja."
9,"Voucher ga bisa digunain, ga da keterangan minimal pembelian berapa anjir. pas checkout keterangan do not mett min. Item/ spend amount, tolol sih yg bikin."
10,Aplikasi suka gak jelas
11,Tolong perbaiki kenapa ga bisa bayar pake gopay di app? Kasi bintang 5 kalo udah bisa kepake
12,"Tadi aku pesan minuman, udh di pesan terus di pickup masa ga nyampe ke rumah minumannya.. hadehh rugi bgt rasanya :( tolong dong buat tomoro coffe jangan begini bikin pelanggan rugi tau ga"
13,Best
14,Aplikasi sudah saya install tp tidak muncul error kah
15,kok apknya jadi ga bisa dibuka ya..
16,Masukkm alamat nya gmnasi ga jelas gabisa di simpan alamat nya trs masa alamatnya yg terdekat sm rumah doang ga bisa di rumah nya langsung gembel bgt
17,"stock event JJK kurang banyak, jam 2 sore semua sudah habis, hebat juga"
18,Pelayanan yg bagus..
19,kecewa beli jjk series ga dapet cup holder nya
20,Menarik
21,"Biasanya ada weekly voucher beli 3 potongan 15rb atau 2 potongan 5rb, tapi sudah gak ada.. sayang sekali menurut saya yg voucher 15rb nya lebih worth it daripada promo yg lain"
22,Cukup satu bintang aja
23,Pelayanan cepat
24,Kopinya mantap Arabika speck
25,Rasa enak sih pelayan baik cepat pembuatan ya
26,tiba tiba aplikasinya tidak bisa diakses
27,Lumayan enak
28,Mantaap
29,"Minus: aplikasi lemot, sering error Plus: promo pengguna baru"
30,"toppp bangettt kopinya, apk nya juga bagus"
31,Bagus
32,Pemesanan jadi lebih gampang dan hemat waktu
33,aplikasi gk niat ksi voucer sampah
34,Aku mau kopi gratis min admin
35,Excelent
36,Sudah banget order mesti pake HP.. Kasian yg gak punya android
37,Tomoro coffe wuenak
38,"Saran aplikasinya di tambahin pilihan ""Less Ice"""
39,"Tempat nya bagus Cocok untuk nongkrong bareng teman"""
40,Terlalu sering error
41,"Itu koffr latte nya,,tu kopi apa jamu pahit bos nggak ada efek manis nya"
42,"Ngapusi tok! Sebulan lalu Ngisi survey katanya dapet free kopi, nyatanya sampe sekarang gak ada free kopinya ğŸ˜…"
43,mantap kode voucher nya!
44,Apk jelek bau busuk
45,"Belum lama gw beli kopi di tomoro via aplikasi bayar via Qris bank. Berhubung internet di outletnya lg galat, akhirnya pesenan gw ga diproses tp pembayaran udh terlanjur masuk. Katanya mba nya bakal direfund kok tunggu aja. Tp udah lebih dari 2 minggu kali ga ada itu refund ke rekening gw bahkan sempet kirim laporan ke email CS tomoro tp ga ada sama sekali respon balik. Ya cuma 25ribu sih, apa itungÂ² gw emg disuruh sedekah kali ya ama tomoro"
46,Beli saat dapat discoun Coffee susunya mantap
47,Crew gandaria city tolong di training lagi ya attitudenya.
48,kasirnya lelet
49,World coffee
50,Tambahin fiturr catatan less sugar dongg
51,"Promosi aplikasi tidak sesuai dengan ketersediaan di Outlete. Seperti Gratis Tumbler, tidak tersedia."
52,Bagus banget sama aplikasinya
53,Bintang 5
54,"Apk ny bagus, banyak voucher dan diskon. Namun sayang sekali tidak ada fitur pembayaran secara debit/kartu atau pun tunai, mungkin bisa coba id tambah. Saya yang menggunakan kartu debit cukup ribet untuk terkadang megutus ovo, dana ataupun metode pembayaran online lainnya. sementara bintang 3 dulu ya"
55,promonya banyak syarat ya... gak ada pembayaran tunai. kemarin kk ku pesen kopi sampai pembayaran 90.000. kopinya gak datang... gimana itu ya? penipuan kah? atau ada pertanggungjawabannya.. lumayan lo 90.000
56,"Tomoro mt haryono ruangan-Nya panas,Ac nya gk dingin + siang pantulan kacanya nambah panas ampe kringatannn. Tolong diperbaiki /tambah Ac untuk kenyamanan costumer. Saya tiap hari nongkrong tetap gk ada perubahan Ac. Thanks..."
57,Good
58,Rasanya pas slalu menemani di sore hari
59,sejauh ini bagus ga ada kendala ADAIN FITUR NOTES BUAT PESANAN!!!!
60,Kenapa sekarang tdk bisa mengatur level gulanya?
61,"Beberapa kali kesini points gak pernah nambah, alasan trouble. Makanya kenapa aq lebih suka starbucks pelayanan OK banget, kalau trouble bisa scan ulang nambah stars. Harga pun gak beda rasa kalah jauh sama starbucks. Bisa gak sih kalian perbaiki layanan"
62,"Penipuan, beli es cream gembar gembor beli 2 harga 9,5k udh beli cuma complate ga ada proses pemesanan atau status pengiriman."
63,Tomoro coffee Tuparev Cirebon the best pokonya tempat nya nyamanğŸ’
64,"Memudahkan untuk membeli kopi di gerai tomoro Kalau ada yang mau pakai kode referral, bisa tambahkan punya saya: 11180Q"
65,"Kalau ada minus,saya akan rate minus.April lalu sy order lewat app tomoro,transaksi berhasil & dana berhasil dideduct dr ovo sy.Tp setelah dana ovo berhasil dideduct utk transaksi sy di tomoro,app tomoro mbatalkan pesanan sy.Dan sampai sekarang dana sy belum kembali.Sudah kontak berkali"" ke tomoro&ovo.Dan sy hanya dipingpong dengan jawaban sama.Tanpa ada solusi lain,misal Tomoro komunikasi dua arah dgn Ovo lsg.Skrg utk event"" kantor sdh tidak mau order tomoro lg baik lewat grab or direct. KAPOK!"
66,kok di aplikasi gk ad lokasi daerah di Deket rumah padahalan kan baru buka kemarin
67,Bagus
68,Kopi gratisnya cuma PHP. Udh dishare ke org lain ttp gak dapat.
69,"Aplikasi yang aneh, ada promo breakfast deal tapi saya coba di 3 outlet yg beda di bandarvlampung dengan waktu yang beda tapi semuanya tidak menyediakan, alasannya roti habis dan belum dikirim dari pusat. Saya paling tidak percaya dengan kebetulan, jadi kemungkinannya memang promo ini tidak tersedia di outlet, cuma gimmick aplikasi doang ğŸ¤£"
70,Tolong dikasih pilihan ada less sugar nya dong
71,Baik dan ramah
72,Pelayanan ramah dan cepat
73,Kadang suka error gak ada tombol beli nya
74,Sementara ini apk ini aman2 ajaaa
75,Tolong tambahkan fitur less sugar dan no sugar dalam aplikasi
76,Nice choice nice choice
77,"sudah satu jam pesen tapi tetep in progress terus, emang selama itu ya bikin 3 cup coffee ? padahal buat sodara tapi keburu sodaranya udah pulang, payah lah"
78,Enak banget kalo lagi mode galau tinggal bli
79,Alhamdulillah... Kopi enak murah.. Lokasi nyaman... Gaskeun
80,seger
81,Saya udah coba pesan di aplikasi ini dan sudah bayar juga tapi gak ada proses di aplikasi nya padahal saldonya sudah terpotong dan sudah dua kali aneh banget trus cara kembalikan uang nya gimana
82,please jgn hilangin menu ice shaken nya khususnya rasa vanilla deh. seenak ituu pokoknya ğŸ¥°ğŸ¤¤
83,"Baru seumur2 beli coffee latte di sini untuk diminum di rumah, dikasih kopi latte pahit. Be thes emang deh tomoro coffee"
84,"Sumpah aplikasi jelek banget jujur saya kecewa, masa orderan ga disesuaikan sama lokasi domisili, bodoh!!! Bukan masalah pesanan saya hilang tapi ga ada solusi masa saya di citayam center tapi aplikasi milihin otomatis ke citayam raya, terus saya suruh kesana gitu, udah lama antrinya karena yg jaga cuma 1, sumpah kecewa banget pake aplikasi ini"
85,tidak bisa delivery
86,"So far oke, tapi staff nya minim attitude"
87,tolong tambahin metode pembayaran online dengan qris / mobile banking.
88,kopinya b aja pelayanan baristanya juga jelek
89,"Permainan spin penipuan, selalu di kasih zonk, masa main 34x bayar pakai poin tetap aja zonk sampai poinnya habis TT. Sering dapat Thanks !!! Sungguh mengecewakan!"
90,Semoga setelah install bisa dapet banyak promo karena coffee nya super enak
91,rasa nya nagih. pelayanannya oke bangetğŸ¥°
92,nice app
93,"i have bad experience, alamat buat order ga sesuai, bikin susah pelanggan, ga ada bantuan dari cs, aplikasinya belum siap ğŸ‘"
94,Tidak ada fitur chat untuk komplain
95,Apknya bagus sih tpi next update tambahin dark mode dong developer
96,"dua kali order dicancel trs, mana gak lgsg kerefund lg"
97,"Salah pesan pengen dingin tapi kepilih Hot. Minta untuk diubah ke dingin tetep gak bisa, harus pesen baru. Padahal posisinya pesanan belum dibuatkan. Ribet"
98,Mau pake promo gagal terus. Padahal udah sesuai syarat dan ketentuan. Mohon di bantu dan di perbaiki lagi
99,Ribet
100,Ngisi survey buat dapatin diskon 50% tapi udah tiga kali ngisi gaada tuh diskonnya. Iklan doang kali ya.
101,Pegawainya citra raya jutek n arogan rasa ga enak bgt bgt.
102,"Promo palsu, saya tidak bisa claim promo yg 9.000. Saya beli di tomoro karawang"
103,"makanan belum sampai, statusnya sudah di terima kocak aplikasinya"
104,Good
105,"Untuk pengisian voucher, kenapa selalu gagal pasti ada tulisan 'terlalu banyak kesalahan coba lagi besok' begitu tiap hari.. Mohon penjelasannya Untuk fitur lainnya oke.."
106,"saat mau delivery, agak lemot gak bisa save alamat"
107,Please beri opsi untuk less sugar dan less ice karena ini penting bgt dan biar lebih praktis
108,"Saran ya kak, aplikasi nya di buat kan request sugar nya ada pilihan berapa % soal nya less sweet nya Mash ke manisan"
109,"Tomoro tki 2 tmbh lama tmbh parah fasilitasnya..uda ga ada sedotan & papper bag buat yg take way..order 3 pc suruh bawa begitu aja,mnta kantong kresek aja ga ada Parahhh....."
110,"Anda nolak rejeki, aneh delivery gak..bisa ..."
111,"Saya akan ksaih bintang 5, kalau dengan menggunakan pickup bisa bayar dengan cash"
112,Aplikasinya berfungsi dengan baik
113,Sudah 3minggu aplikasi tidak bisa digunakan untuk pemesanan delivery
114,"Best sih! paling seneng tomoro aren latte, sedikit saran aja semoga disediakan fitur pembayaran tunai.. dan jg kalo pesen dibungkus pake cup sealer? biar gk tumpah tumpah pas dibawa dijalan. just saran aja"
115,Vocher 9rb saya ilang padahal belum dipake
116,"Vocer 9 rb pengguna baru ngga bisa di gunakan, percuma"
117,"Oke lah banyak promo Tapi kadang buat di applangsung ga bisa request less ice/ sugarnya. Lalu kadang ada add topping yg di pesan ga di tambahin (terutama paas add whippcream udah harganya 10k sendiri ga di add di protes malah bilangnya udah di bland Ama Coffee nya me belikeğŸ˜’ gw ga sebodo itu ya....) + Kalau ga niat kasih tissue ga usah pakai tissue masak minta 1 aja aku di tegur tissue limited ga boleh ambil banyak"""
118,Mantap
119,Mantap
120,"Aplikasi selalu tidak bisa di gunakan untuk memesan selalu busy dan close order, di suruh datang ke store, di store di suruh pesan lewat aplikasi supaya cepat, padahal status di aplikasi tidak bisa di gunakan.."
121,"Tidak semua toko bisa dukung pembayaran QRIS, tapi harus juga bisa ditambah pembayaran kartu, atau bayar tunai di kasir dgn menunjukkan kode pesanan."
122,Aplikasi ga guna. Ga niat ngasih promo. Mo dapet promo aj ribet.
123,"Sebaiknya ada catatan tambahan sebelum pemesanan, agar bisa request less sugar atau less ice"
124,"Tomoro coffe rumbai, jl Sembilang ğŸ‘ğŸ»"
125,Gak tau kenapa gak bisa bayar lewat pembayaran e-money :( padahal lumayan juga promonya. Tolong diperbaiki lagi yaaa payment-nyaa
126,"Aplikasi Tolol, cancel order sendiri uang gw g balik.. semoga bangkrut lu gw doain amin"
127,"Download karena ada banyak promo dan masih bisa bayar pake qris, krn ewallet kadang ribet buat ngisi dlu, eh skrg udh gabisa pake qris trus promonya mulai sedikit :( padahal suka menu2nya variatif dan enakkk"
128,Baru coba pengirimannya. Sudah memasukkan alamat yang benar tapi titiknya jauh dari lokasi aslinya. Ngebuat driver kesulitan.
129,PENGEN NGOPI TAPI DUIT PASÂ²an TomoroCoffe Solusinya
130,Mantap
131,"Apk nya sangat membantu buat yg mau ngopo tapi butuh diskonan ğŸ¤­ğŸ˜† tetap bisa nongki ngopi tapi minim budget. Tapi mau saran aja sih, untuk besok"" nya bisalah voucher nya juga untuk ukuran large sesekaliğŸ¥¹biar dapat juga ukuran besar walaupun minim budget"
132,"Saya pengguna baru. Dpt 2 voucher promo serba 15k dgn tanggal expire 15 Juli 2024, tp pas saya mau redeem di tanggal 10 voucher nya malah expire."
133,Enak kopi nya
134,minuman nya enak banyakin promo yaa
135,Murah nyaaa
136,"Parah !. Order 5x ga bisa, dibatalin sepihak dari aplikasinya. Ga tau eror atau gimana. Tolong diperbaiki ya. Terima kasih."
137,APLIKASINYA BAPUK... KOPINYA GAK SEENAK KOPI DI TEMPAT PESAINGNYA DENGAN HARGA YANG HAMPIR SAMA ğŸ˜
138,"Aplikasi ga jelas, amatiran. Pelanggan tetap malah di blokir. Dan point' sudah 500 lebih hilang begitu aja."
139,"Maaf ka, sekedar saran saja, sebaiknya di setiap pemesanan itu bisa request misalnya less ice atau less sugar, terima kasih"
140,niceee
141,Berkelasss
142,"Min tanggepin emailku dong, mengenai pengembalian dana"
143,"packagingnya tolong diperhatikan lagi kak, saran aja dipress plastik dulu biar ga goyah2 tumpah2 , kasihan driver ojol bawa nya nya riskan banget karna keamanannya kurang"
144,Promo nya banyak
145,"Aplikasi minum kopi yang kekinian, mudah digunakan dan stabil. Banyak promo juga."
146,"untuk promo yang sangat sedikit serta tidak bisa upgrade ukuran yang promo, tpi di promo tidak di jelaskan syarat dan ketentuan. lalu untuk pemesanan di aplikasi tidak di catumkan note atau keterangan, saya mau mesan untuk request less sugar dan less ice tidak bisa, jadi kesusahan. bintang 1 dlu semoga di perbaiki. terimakasih"
147,Applikasi jelek banget...... HATI-HATI SUDAH BAYAR UANG UDAH KEPOTONG. TAPI TRANSAKSI KEBATAL DAN UANG BELUM KEMBALI. DI TANYA KE CREW MEREKA JAWABNYA GA TAU. PADAHAL UDAH JELAS ADA BUKTINYğŸ‘ğŸ‘ğŸ‘ğŸ‘ğŸ‘ğŸ‘
148,ğŸ‘
149,Untuk Add Addres nya tolong di kasih map soal nya saya cari alamat saya tidak ada
150,jangan pesan delivery pakai aplikasi ini. Kopi anda tidak akan pernah sampai rumah. Uang anda akan menghilang
151,Alhamdulillah
152,Lucky spin july nya bercanda ya omğŸ¤£
153,ğŸ«¶ğŸ»
154,PELAYANAN GA RAMAH
155,Banyak promonya dan kopinya enak
156,"Saya pesan 1 pcs, tapi pesanan di aplikasi muncul 2 pcs. Tidak dapat dicancel pula."
157,Barista
158,Enak byak bonus diskon
159,"Promo g bisa dipake, aneh"
160,"so far okeyy sii nothing happen,tapi sekarangg kalo take away beli 1 doang gadapet peperbag ğŸ’â€â™‚ï¸ğŸ’â€â™‚ï¸ğŸ’â€â™‚ï¸"
161,Varian kopinya enakÂ² ğŸ‘ğŸ»
162,"Ok kali bah, harus di coba lagi nie"
163,Mantap
164,"bagus bgt apk nya untuk order dari rumah, banyakkk promo menarik"
165,"Download buat dapatin promo aja, gw sering ganti2 no hp buat internet, bonus pengguna baru di tomoro ğŸ˜…"
166,"Pesan lewat aplikasi, giliran di ambil pesanan. Nunggu 1 jam"
167,Hallo tomoro cofee Aplikasi saya kok dapat pesan not allowed yaa? Itu kenapa ya?
168,"Mau kasih sedikit saran aja kak. Boleh gak buat tambahan, Di aplikasi ""less coffee"" karena membantu bgt buat yg kurang suka kopi tp tetep pengen minum kopi. Beberapa kali ordee di apl hrs buru"" ke baristanya biyar kopinya gak kebanyakan ğŸ˜“ Semoga bisa jd bahan pertimbangan ğŸ™"
169,"Pemesanan melalui aplikasi sering error (toko tidak dapat dipesan) dengan tulisan toko terlalu ramai atau sebagainya, sedangkan dari pihak kasir menyarankan untur order melalui aplikasi agar lebih cepat. Mungkin bisa dibenahi"
170,Order via app ga slesai-slesai. Ga jelas
171,"Promo tidak dapat di pakai padahal pengguna baru, pada aplikasi sering ada peringatan tertekan terlalu sering padahal baru klik 2x."
172,Penipuan kopi 9rb gk dapat
173,ğŸ”¥ğŸ”¥
174,Kopi mantapppp
175,Good apk
176,Pling suka seri cloudnya am choco danish
177,Bagus bgt enak kopinya tempatnya pun nyaman
178,Enak bgt
179,"Bagus pelayanan nya ramah"""
180,tempatnya nyaman buat nongkrong
181,Apk gak jelas. Promonya gak bisa di pakai dan Kopinya Enakan KOPKEN
182,"Kualitas semakin jelek di tomoro unnes semarang...sudah tdk ada bag untuk tempat kopi beli 3 take away kerepotan, sudah tdk pakai sedotan dgn alasan eco tp tdk ada solusi pengganti...kerepotan dalam ngaduk gula yg dibawah...coba dikocok tumpah...payah sekalian aja beli kopi suruh bawa gelas dr rumah"
183,Enak dan sering kasih promo....ğŸ‘ğŸ™
184,"App tol0l tiap hari tiap waktu store nya busy, bngst"
185,"tolong untuk pengisian alamat jika delivery agar alamat dapat dipin sesuai titik karena user tidak bisa melihat titik lokasi rumah yang sesuai, menyebabkan kurir pengantar bisa salah lokasi"
186,Bagus
187,Payment via QRIS malah di ilangin
188,"Kerennn, terimakasih ya atas bonus dan diskonnya!"
189,"Beli langsung maupun pake aplikasi sama saja.. Malah aplikasi banyak masalah.. Issue pembayaran, blom lagi promo nya banyak jebakan. Terakhir permainan spin adalah penipuan.. 3x spin dengan bayar pake poin, 3x pula zonk... HATI HATI yah yg pake aplikasi."
190,Excellent
191,"So far so good. Tomoro bragağŸ‘ŒğŸ‘Œâœ¨âœ¨ Tempat nya enaak nyaman, ada ruangan AC didalem sama ruangan diluar buat smoking area."
192,Mantap mas
193,"Baru banget download, dapet bonus voucher all coffee 9k/cups, eh Voucher belom dipake udah angus duluan dihari yg sama padahal, aneh banget aplikasinya"
194,"Untuk kopi enak, tapi sayang untuk pemesanan gk ada note dan untuk ganti nomor gk bisa. Tolong minta update dong"
195,Tempatnya nyaman ber Ac dekat dengan pekerjaan.
196,Mantaf the best
197,Bisa gak kalo dine in itu dikasih nampan buat bawa + biar g berantakan
198,"Sucks, adain promo tp gbsa dipake"
199,Buruk pesen barang gx mau bayar
200,Buat yg mau dapet promo 9k sebenernya yg paling simple itu ajakin aja temen yg belom punya apk tomoro dgn kash refferal kita nanti kita juga auto dapet promo 9k setelah teman kita order ... Jadi kaya MLM gitu lahh alurnya Kalau yg bantu teman itu emng lebih effort karna si teman di batasi (keknya 3x an) makanya ga smua bantuan teman bisa masuk ... saya minggu ini udh dpt 4voucher dan 2 yg masih menunggu .. Best sihh promonya kopi nya juga enak aman di lambung....
201,"Aplikasinya kek tolol.ribet bat mo beli kopi doang. Ga usah iming2 diskon2 gak jelas dah kalau tetap ga bisa di pake juga,ribet bat mau beli kopi doang"
202,"Enak banget, bnyak promo â¤â¤"
203,"aplikasih ny banyak promo gampang di gunakan,Mantap"
204,Banyak discount
205,Pelayanan kurang bagus
206,Tomoro coffe tmpt yg nyaman utk menikmati cita rasa coffe sejati..â˜ºğŸ˜
207,Mantap lah good banget lebih mudah membeli
208,"Uninstall aja nih aplikasi, rugiin aja,, UD dibantu teman tapi ga ada pengaruhnya, suruh bagi link, terus UD dibagi 38 orang klik bantu , yang muncul membantu cuman 1 orang..... ğŸ˜¤ğŸ˜¤ğŸ¤¬ğŸ˜¡ğŸ¤¬ğŸ˜¡ğŸ¤¬ğŸ˜¡ğŸ¤¬ğŸ˜¡ğŸ¤¬ğŸ˜¡"
209,Sangat bagus
210,Harga 9k = penipuan
211,Beneran promo nya install aplikasi ini dapet harga semua menu 9 ribu rupiah mantap ğŸ˜‹
212,sangat Nikmat Cofee nya
213,"Integrasi aplikasi dengan lokasi tomoro tidak baik, Order dri aplikasi jam 12:18. Ditunggu 10mins trus ke kasir belum siap, kedua kali bru dibuat. Akhirnya minuman ready 13:06. Klo belum ready, jangan dirilis.."
214,Super duper yg paling nikmat cuman di tomoro coffee
215,Tempat nyaman utk ngopi
216,"Sebenarnya minuman Tomoro enak dan harganya juga terjangkau. Saya tes pesan dari aplikasi (biasanya di toko langsung). Pas pesanan saya sampe, saya cuman terima 4 minuman dari 5 minuman yang saya pesan. Saya juga langsung cari cara buat komplain dan cmn bisa di IG komplain. Setelah saya isi data komplain malah di balas ""...Untuk saat ini kami sedang tidak ada di tempat untuk sementara waktu..."" . Setelah saya tunggu juga sebulanan tidak ada kabar dan penjelasan. Jujur kecewa banget sihğŸ¥²"
217,APK JELEEEK PELAYANANYA BURUK produk indonesia yg gk worth it...kopi biasa aja
218,Agak aneh semua serba 9000... Tapi hanya 1 coffe yg dihargai 9000. Harusnya disampaikan di awal
219,"Minumannya enak, tapi kenapa cup nya harus diganti? Padahal cup yang lama lebih bagus Sama mau minta tolong, supaya tiap outlet ada musholla nya biar bisa sholat Terima kasihğŸ™ğŸ»"
220,bykn lg voucher serba 9rb nya y...
221,Pesanan saya selalu error dan dibatalin ama appnya sendiri
222,Good application.
223,Jangan mau ikutan promo gratis nya. Harus invite bbrp orang dulu baru bisa. Nyusahin banget buat ngejar promo juga. Kopi kenangan aja ga seribet ini
224,"Mending ga usah dowload. Ga jelas bgt, cuma nguji kesabaran kalian aja ni apk. Ngasih embel-embel gratis, tapi di persulit."
225,"Eh. Anj.. Itu yg free Coffee ampe berapa orang.? Udah klik 5x masih blm bisa dan sisa. 392 rupiah. Terakhir potongan 128 rupiah, berap klik lagi??? Seharusnya ada berapa kali klik. Kluh emang gak niat gak usah di adain. Emang bangke..!!! Tolol..!!!"
226,Klaim kopi gratisnya belibet. Udah reff ke nomer lain motongnya nanggung. Kurang 520 rupiah doang ya ampun
227,Aplikasi cacat stuck mulu loadingnya
228,Cofee nya gak enak Cofee nya pahit Tambah pegawai nya pada sombong
229,Well done
230,"Rasa kopi boleh, tiap order yg best seller selalu habis, pelayanan kurang,"
231,Kenapa sekarang tak lagi double point tiap hari Jumat
232,"Menu bagi"" kopi gratisnya kalau udah mencapai 9rb pasti loadimg terus sampai ngulang dari awal lagi. Bgitu seterusnya."
233,"Makin sini makin mahal, promo sedikit, mending kopi kenangan"
234,"gajelas banget, udh milih pesen di outlet yg deket rumah udah selesai juga pembayaran via shopee pay. tau taunya malah bayar ke outlet yang di jakarta pusat. kok bisa aplikasi nya ngarahin pembayaran ke outlet yg beda sama tempat mesennya jelas jelas outlet yg dipilih pas mesen bukan di jakarta pusat."
235,Aplikasi gaje
236,Awal ny sih ok nih aplikasi.. tp br sadar kayak di prank misi2 point dan promo ny .. jd gak pernah dpt deh
237,"Tidak bisa login, saat memasukkan nomor HP tidak ada respon (tombol panah tidak dapat diklik)"
238,Scam dah hahhh apaan gratis darimananya dah scam scam
239,"Beli pake apps pake gopay, pas mau pick up staff nya bilang lagi errorz status pesanan lagi di proses, staff nya bilang anak ke cancel sendiri dan dana akan balik lagi, besok nya di cek status malah berubah jadi pesanan selesai, apa apaan ini. Komplen ke Ig official nya juga di cuekin"
240,"aplikasinya suka ngeleg, LOL"
241,Buset tinggal rp 500 perak lagi kirain butuh satu referral aja buat dapetin kopi ternyata kalo udah 500 perak 1 refferal cuma rp 80 kalo gitu kapan dapet kopinya co
242,Good
243,Hoax kopi gratis yang pernah ada dimuka bumi ini mah
244,Banyak diskon dan apk sangat cepat. Sangat direkomendasikan ğŸ¥°
245,Kamu perlu coba
246,"""Niw isir simii sirbi simbilin ribi""ğŸ˜’ Padahal pengguna baru, tapi kopi yg 9rb gabisa terus... parameter error.."
247,banyak promo dan pelayanan memuaskan
248,Voucher ngga ada udah undang ngga dapat..
249,Aku bingung nyari kode ref nya dmana
250,Gjls ngerjain bgt kalo ga niat ngasih gratis mah mending gsh pdhl udh lengkap tpi tetep aja gabisa
251,please adain pembayaran via VA BCA donggggg
252,"Kopinya lumayan tapi aplikasinya aturan barunya nggak asik. Take away, kantongnya harus bayar cukup mahal padahal sebelumnya free. Bonus untuk pelanggan pun acak dan lebih sering kurang berguna bonusnya."
253,"Minumannya enak2, gk encer dan manis. Cuma masukan buat yg mau dpt 9.000 utk new user, bayarnya lewat kasir aja nanti dibantu. Saya bayar lewat dana dianggap gagal pembayaran, padahal sdh terpotong 9.000.."
254,"Aplikasi ribet bikin mood rusak. niatnya bli lewat aplikasi ini, transaksi byar lwat ovo sukses ,sldo terpotong. tapi di aplikasi ini status nya stuck,blum bayar. Jd hrus nunggu lama."
255,Tomoro untuk deliverynya coba alamatnya biar bisa nentuin lgsg di peta. Soalnya kurang tepat kalau cuma ngetik nyari alamat
256,Enak
257,"Banyak kali promo wee, BISA DAPAT 0 RUPIAHH"
258,Bilang nya suruh download biar dapet serba 9k. Pas udah download gak di kasih penjelasan lanjut terus gak dapet apa yg di janjikan. Rasanya sama harga gak sebandingğŸ¤¢
259,"Pesanan tidak sampai, kalau sudah bermitra dengan aplikasi ojek online sistemnya diperbaiki, masa tidak ada riwayat tracking mitra pengemudi, aplikasi juga tidak ada fitur bantuan lewat CS, bertanya via sosmed tomoro tidak dijawab sama sekali, sudah 3 hari dana saya tidak kembali"
260,"ini aplikasi nya malah eror knp , byar pake shopee gak bisa redirect ke shopee malah suruh install aplikasi shopee pdhal udh ada di hp"
261,Mantuuuullll
262,Banyak promo menarik dan pelayan nya ramah
263,Kopi gk jelas di kerjain suruh download tpi syaratnya ribet bgt mau dapat potongan harga 22rb doang harus kirimÂ² ke orang suruh download dikira kita seles dari aplikasinya.
264,bad service :((
265,promo hoax gratis . cape' saya keliling minta tolong orang malah hoaxxxx
266,cing atuh
267,Sangat membantu
268,"Pesanan lewat aplikasi, dianaktirikan. Walau datang duluan, tetapi blm dilayani, prioritas yg dine ini dulu itu ,ini kebijakan macam apa? Bikin malas pesan lewat aplikasi jadi pesanan akhirnya jadi lama,"
269,Tipu tipu
270,Good
271,"Kecewa...Gak pernah bisa dapat kopi gratis dari share referal. Padahal udah ngumpulin orang banyak buat bantu. Harus tuker koin terus, baru bisa dapat kopi gratis. Terus promo nya juga dikit..."
272,"Promonya menjebak, terlalu bertele-tele. Mending kopi kenangan atau point coffee yang iklan dan rasanya jelas. Mau mencoba saja jadi malas."
273,"Tempatnya enak, menunya ok. Tapi gratis 0rp ga niat. Potongan banyak yg ga masuk, padahal udah banyak yg bantu"
274,KOPI NIKMAT
275,Memuaskan . Dan rasanya nikmat
276,"gratis kopi nya Ga niat, Diphp trs ribet :) , service error trs. member potongannya double tpi cuma 8 :)) pdhl sebelumnya pada 120 130 an, Aplikasi QR nya sring error."
277,"Gratis kopi nya php. Sdh sampai brp kontak yg dibagi semakin kecil persentase gratis nya dibuat se olah"" disengaja. Lbh baik perbanyak vocer diskon aja tiap hari drpd free kopi gak guna"
278,"Kesan pertama di Tomoro, sudah coba menu caramel macchiato 2 produk sebelah, tapi untuk menu di Tomoro ini memang beda, kopi dan caramelnya sangat pekat yg membuat Coffee caramel macchiato nya lebih nikmat. Pelayannya juga ramah banget. First impression yg sangat bagus dari Tomoro, bisa jadi pilihan tempat nongki baru nih selain ""tempat kopi sebelah"""
279,Aplikasi promo gratis dan 9000 nya hoax
280,Cuman iming iming voucher ğŸ‘
281,Berkali-kali beli tumpah udah kompline di ig dan dm gak dibaca baca.kopi nya terlalu strong.3 kali tumpah .rugi dong
282,Fraud!!!
283,orang orang pada yg komen jelek dan kasi rating jelek kebanyakan yg suka gratisan..beli juga pass ada gratisan.. suka heran dah.
284,Mantapppp..
285,kok gabisa delivery yaa??
286,Saya senang nyaman berada dan ngopi di tomoro coffe
287,manyousss..â˜•ï¸ ğŸ˜‹ğŸ‘ŒğŸ¼
288,Sipaling Promo
289,"Kopinya enak,exited semenjak buka di daerah ku karna kopi nya arabica ğŸ¥°ğŸ¥° Aman2 aja sih selama pake apl nya banyak promo nya jugaağŸ¥°ğŸ¥°"
290,"Kopinya enak. Cuma syg klo mau beli via app ga ada pilihan less ice nya atau pun request note. Alhasil klo beli via app pick up, yg dirasa cuma air es doang.."
291,Ini kopi terbaik sih buat kaum mendang mending kaya w ini mah pas
292,Promo terlalu banyak syarat ribet bgt
293,Kopi nya TerbaikğŸ”¥
294,"aplikasi scam, mana kopi gratis nya boongan doang sampah"
295,"Aplikasi bodong, gabisa diklaim promonya"
296,harusnya dalam option minuman ada pilihan kadar gula dan es. sayang sekali
297,"Mantep ni, terus berkembang ya"
298,Kopinya enak dan pelayananya sangat memuaskan
299,Servr error. UX is bad. pasang vc server error mulu. bnerin dong. Sudah sebulan komplain ga didengar. udah beli voucher 10rb tp zonk tdk bisa dipakai
300,"Dah bayar tpi status unpaid, tapi ga disuruh bayar lgi :)"
301,"Masih bisa diperbaik lagi kedepannya, semoga update selanjutnya ada pilihan less ice ketika memilih minuman."
302,Ok
303,"Si paling promo, tapi bo ongğŸ¤£ğŸ¤£ğŸ¤£ğŸ¤£"
304,Gak jelas bgt deh aplikasinya...ngundang udh 10 org lebih gak ful2 giliran mau full eror...owalah...PHP aja ni tomorrow coffeğŸ˜¡ğŸ˜©
305,scam kopi gratisnya :(
306,Gokil nih buy 1 get 1 free di Kuningan city mall.
307,Kopi nya enak..strong banget
308,Jgn lupa mampir guys di tomoro cofee lt2 gedung mth 27 Adhi karya. Tempat nongkrong asik ya di tomoro coffe.pokoknya maksyus sukses selalu buat Tomoro coffe
309,percuma adain event tapi menunya dihilanginğŸ˜‚
310,Enak sih kopinya
311,Pelayan nya tolol sih menurut gue
312,"Apaan parameter error. Si paling promo tp ga bsa dpake, tiap di klik selalu parameter error! Uninstall aja guys yg udh pake app ini."
313,hoax gratis kopi
314,Penipu
315,Sangat Buruk
316,Tdk ada kantong plastik hadehh
317,Eventny ampaass gk niat bikin promo
318,Kesan pertama di buat beli nya ga bakalan lagi datang dan beli sumpah sumpahhh kaliiiiiiii kampretttt sorry min gedek rasanya sama pelayanan yang di cabang palang merah ğŸ”¥ğŸ”¥ğŸ”¥ğŸ”¥
319,Php untuk mendapatkan cofee gratis
320,Voucher Tidak Berfungsi
321,Gratis nya bo'ong
322,Oh.
323,Good
324,"Rasa kopi yg strong , pas untuk menemani waktu bekerja."
325,"Tempat nya nyaman ,cofee nya enak langganan kalau minum Disni caramel maciato nya enak ,packingin nya bagus pake paper bag,cup nya jga bgs anti tumpah tumpah..best"
326,"Ga tau kesel aja gtu, maps ke alamat rmh ny ga pas jd nya harus ke outlet ambil sendiri. Udh gtu ga ada pusat bantuan buat hal"" kecil ke gini. Fix ga akan order di sini lagi sih."
327,Banyak promo untuk kopinyaa
328,"order lewat apk,udah 2 jam lebih blm dikirim"". infonya dari grabexpress nya blm diambil"" tpi ga ada kelanjutannya lagi ğŸ‘ğŸ»ğŸ‘ğŸ»"
329,"Baru mau coba, penasaran sama kopi kintamani nyaa kayaknya mantap jiwa"
330,Pelayanan bokbrok nunggu lama
331,lumayan
332,Aplikasinya ga bisa login
333,Karyawan judes
334,Rasa ok
335,"Kopinya mantap dan Enak, wajib cobaaa ğŸ˜"
336,Suasana bagus casir barista sangat ramah mantap pokoknya tempat nongkrong yang familiar buat aku pribadi
337,"Ada bug, saya sudah bayar tapi statusnya masih menunggu pembayaran"
338,Mendukungg sekalii
339,susah amat dapetin gratis kopi
340,mantap juga sih promonya
341,Enak banget sih kopinya
342,Enak bnget kopinya
343,Nice
344,Mantap
345,Promo 9000 ga bner ini. Saat pakai aplikasi. Parameter error' terus. Cuma pancingan aja promo itu
346,Sangat worth it
347,Gratis kopinya PHP. Udah ngumuplin 5 kontak supaya dapat free malah yang terakhir tidak bisa masuk. Padahal udah nunggu 12 jam lebih alhasil limite time nya habis (1x24 jam). Tanya ke petugas ga ngerti.
348,"Tolong tambahkan fitur cancel dong, kalau salah pesan atau salah pilih lokasi masih bisa di cancel"
349,Terbaik
350,"Promonya bohong, cuma buat naikin pendownload apknya. Belum lagi rasa kopinya B aja. Cuma menang packingan doang."
351,Tidak bisa digunakan di android. Dua hp android dengan tipe berbeda tidak bis adigunakan aplikasinya. Tidak ada gambar yang muncul dan tidak login
352,Good service
353,"Promo kopi gratis, sebenarnya tdk bisa gratis , potongan harga dari 5rb mengecil sampe 4 perak ,wkwk byuh"
354,Ini ga bisa poinbanyak
355,Penipu kelen Katanya nol rupiah Udah dikerjakan misinya Awalnya sampe 1000 potongannya Setelah masukkan teman kok Potongan cuman 6 aja Kotor kali otak kelen
356,"Aplikasi nipu dan gak jelas , katanya untuk dapat kopi suruh undang teman tapi gak dapat"""
357,aplikasi penipu ...gk jelas...
358,"Freee kopi nipu scam bagi"" Link biar donlot huhuhu"
359,Promo sedikit
360,Order tanpa keder...ğŸ‘
361,Mantap
362,Good enak kopiya fresh pas buat teman menikmati seharian bekerja.
363,Gw dpt udh beli yg Januari pack gak d kasih coffe nya malah di suruh bayar lagi hatiÂ² guys sama tomoro cofee ruko Daan Mogot apalagi karyawan yg namanya Zidan capeÂ² jalan hasil nye nihil voucher nya lgsg d selesaiin sama karyawan nya wkwkw Gw uninstall lagi
364,MANTUL
365,"Pelayanannya baik, tempatnya nyaman dan beneran promonyaaaa ğŸ¤© caranya mudah tinggal download aplikasinya aja. Terimakasih Tomoroooo sukses selaluâ™¡"
366,"Udah hampir 10 member ttp g dpt kopi gratis malah makin lama potongan cuma 2 rupiah , gak niat deh"
367,"Tempat nyaman dan pelayanannya ramah, cocok buat kumpul ngobrol dl"
368,Td gua di paksa buat download apk kopi ini wkwkwkwk
369,"Dari siang sampe mau ke sore, tidak berubah posisi saldo gratisnya, padahal sdh di share ke mana"" dan sdh di donlot aplikasi ini....yeÃ¨eeeee"
370,"Menjanjikan gratis udah nyuruh2 temen buat instal juga akhir nya ga ada gratisan, mending jangan bilang gratis. Udah ngabisin waktu ga dapet kopi nya yaudah sebagai kekecewaan bintang 1"
371,Udah set cabang malah dipindahin jadi makin jauh
372,Aplikasi bagus Tpi pelayan d lokasi krang bagus. Nunggu lama. Dan gak ada prioritas pembuatan Gw nunggu beberapa x smpe 20 menit. Pd beli pickup. Payah deh
373,Gak nyesel beli disini
374,Mahal ongkirnya
375,Mantap promo nya banyak
376,"Aplikasi Pembodohan Publik, admin Google play bertindak donk"
377,"Promosi kopi gratis yang tidak terlalu bagus, kurang menarik dan caranya juga tidak elegan. Sungguh disayangkan, padahal kopinya enak."
378,Pas udah mesen kaget kok titik pick upnya ke tempat lain dan ternyata gak bisa dibalikin ke tempat yg diinginkan yaudahlah.
379,Jangan ada promo kopi kopi gratis deh kalau memang nggak mau ngasih kopi gratis. Hadeh parah banget. Masa potongannya makin lama makin kecil. Udah di share ke teman-teman suruh jadi membernya tetap aja nggak bisa sampai 0 rupiah itu.
380,Kok saya gak ketemu kode reff saya ? Dimana disembunyikannya ?
381,Tolong add fitur Notes buat baristanya Sama penjadwalan Pickupnya Kalo udah ada Berubah jadi bintang 5
382,Oke
383,Tiap mau pake promo trus mau lakuin pembayaran malah ilang promonya. gimana sihh
384,ga bisa masuk
385,Gua udah sampe satu kopi cuman 500 rupiah. Ehh kaga. Bisa di ambil. Kocakkkkkkk. Ribet banget
386,kopi gratis?
387,Oke banget tempat nongkrong nya
388,Coffe nya nikmat .. pelayanan nya sangat memuas kan
389,"Banyak Promo nya, Kopi nya Enak, Tempatnya nyaman, waiter ramah ramah"
390,Mantap dah ah
391,"Mantullll , luar biasa"
392,Mantap.
393,"Banyak Promo Menarik, Dari gd promo Pakek apps ny jadi ada promo dong, pegawainya jg ramah"""
394,"Yang paling saya suka kopinya. Enak. Beda dari tempat lain. Ruangan nyaman, Bersih, Adem. Desain estetik, simple, enak di pandang. Pencahayaan jg bagus. Saran : Kalau bisa Roti atau Cemilan selalu ready. Krn ngopi tanpa nyemil kayak ada yg kurang."
395,"Penawaran promo dibatalkan secara sepihak, ribet"
396,Biasa aja knp ya setiap outlet rasa nya ko berbeda tolong perbaiki barista nya
397,Good
398,tempat nya cozy nyaman dan enak
399,Scam kopi gratis
400,"JELEK BANGET, DELIVERY HAMPIR SEJAM. BURUK. CHECK DM SAYA UDAH KOMPLAIN. KARYAWAN TIDAK MAU DISALAHKAN. OUTLET LIPPO CIKARANG."
401,Good Coffee
402,"Aplikasi yang memudahkan dalam pemesanan dan untuk range harga cukup terjangkau, serta perbanyak diskon yaa.."
403,Coffee terbaik.
404,aplikasi ribet
405,"Males ah sama program yg bagi bagi kopi gratis. Udah kayak ditipu, semakin lama semakin sedikit potongannya jadi kita ga dpet2 itu kopi gratis.hmm jngan ada yg bagi2 link bantu teman lagi yaa.."
406,Baynayk promo lagi donk
407,Good
408,"Thanks min kopinya. udah Enak banget, gratis lagi.. Buat kalian yg mau kopi gratis jangan lupa input kode refferal nya ""04807F"" ."
409,"Halah ampas, mending maen hago"
410,Aplikasi error selalu! Mau delivery order selalu ga bisa!!!!
411,Aplikasi pembodohan
412,"Aplikasinya bagus, UI simpel dan gampang dipakai"
413,"Bagi-bagi kopi gratis? makin banyak share, makin dikit dpt point. cuma dibikin jadi sales gratisan aja. ga tau sampe kapan itu jadi 0 harga di promonya. kek dimainin aja"
414,"Sudah bayar via shopee pay, namun di app masih belum terupdate sudah dibayar, sampai dua kali saya transaksi, dan akhirnya transaksi dibatal oleh app karena waktu, namun di pp shopee transaksi sudah terbayar, uang melayang kopi tak didapat, rampok"
415,"Parah, ga bisa login. Kurang ok aplikasi"
416,Kopinya enak bnget..dan lebih senengnya outlate nya deket dr rumah
417,Suka banget
418,Gmna ini ya promonya bnyak yg gbisa dgunakan
419,ga enak minumannya..bikin secangkir kopi 1/2 jam
420,Nggk ush di download sumpah free cofenya turun 1 rupiah doang
421,Pelayanannya bagus
422,"mau bayar pick up aja lemot bngt, gila yah ! uninstal aja deh"
423,Event Kopi Gratis nya Scam
424,saya download aplikasi ini karena teman saya nabila mau dapet kopi gratis. semangat nabila ~tamami
425,"Berulang kali pesen kopi di South 1 Quarter, malah diarahin ke Metropolitan Tower. Fix perbaiki GPSnya deh. Atau tambahkan flow UX konfirmasi jemput dari mana gitu."
426,"promo tipu-tipu minuman Rp.0 pas tinggal Rp500, ngajak teman selanjutnya cuma dipotong Rp32.. mudah-mudah resto ini cepat bangkrut karena marketing kotor"
427,"Buat yang sudah install ga usah ikut promo kopi gratis karena promonya abal2, ga bakal terpotong sampe 0. Pembohongan publik."
428,Banyak promo menarik
429,"Tempatnya nyaman dan bersih, kakaknya juga ramah"" ğŸ¤—"
430,Pelayanan dan fasilitas semuanya enakk
431,"minumannya enak,tempatnya juga nyaman untuk kerja dan meeting"
432,app jelek
433,Good application. Banyak promo yang murah dan menarik.
434,ğŸ¤ğŸ¤ğŸ¤ğŸ˜ğŸ˜ğŸ˜ğŸ¤ğŸ¤ğŸ¤ğŸ¤
435,memuaskan
436,"Kopinya enak si, tp masa gini amat bkin promo, udh ngajak temen"" eh poinnya makin lama, makin kecil parah"
437,"Minumannya enak, pelayanannya bagus sekaliii"
438,tempatnya cozyy....
439,"Otp jangan pake firebase SMS. Pake aja WhatsApp otp, bisa pake twilio buat APInya, kasih opsi otp WhatsApp, SMS terlalu jadul. Lambat banget otp SMS itu, suka ga masuk kek gini."
440,disuru amat install
441,biki event gak jelas
442,"Katanya kopi gratis tapi udah di bantu download sama teman malah gak dapatÂ². Jadi kayak pembohongan aja promonya php ğŸ˜…. Kopi enak sih saya suka, sudah beberapa kali saya minum kopi ini."
443,"5/5 untuk idenya, mempermudah aktivitas order 2/5 untuk kinerja aplikasinya. lemot bgt, apalagi yg share link buat dpt kopi gratis, linknya lama bgt untuk terbukanya, heran deh"
444,Ok
445,"Buka lagi di brp cabang dong min seperti ciracas, pasar rebo, cipayung, mabes hankam, cibubur pokoknya di wilayah jakarta timur dong min ğŸ™ğŸ™ğŸ™ğŸ™makasih kode promo nya"
446,"Pelayanannya bagus banget brok,, warga Ketintang udah enak banget buat mahasiswa ngopi sama nongkrong ğŸ˜£ğŸ˜£kopinya juga enak, pelayanan juga oke"
447,Keren
448,"Benerin dulu aja aplikasinya, banyak error!"
449,Manji... Mantap jiwa
450,"Enak banget, nagih deh pokoknyaa"
451,"Kalo mau bikin promo jangan nanggungÂ², masa iya diblg share ketemen dapet kopi gratis, awal share dapet potongan 800 perak makin deket ke gratis dapet potongannya 70 perak, promoin lagi ketemen suruh download berkali2 malah nga dapet2 potongan wkwkwk niat mau kasih promo tipuÂ² Uda bantu share dapet potongannya abalÂ², penasaran coba refrensi lagi ketemen buat terakhir dapet potongan 70 perak wkwkwk niat bener bikin promo abal2 nya ujung2 nya nga dapet promo ini mah"
452,Tetap lezat
453,Good application
454,Terbaik
455,Membantu untuk order jadi ga antri
456,"Pelayanan ramah, harga murah rasa ga murahan"
457,Pelayanan yg baik dan harga yg bersahabat
458,"Gak ada menu liat kode referral, aplikasi gak guna"
459,"Ramah baristanya, enak kopi nya dan worth it bgt sih pokoknya harga dan rasa dan pelayanan nya"
460,kenapa aplikasi tiba2 tidak bisa digunakan
461,Lokasi Pas...depan UNIKOM bandung.sangat setrategis..dan pelayananya sangat baik..
462,Mamtullll
463,"Setelah berkali2 order sejak awal Tomoro buka baru kali ini Sial. Order pick up di Benton Junction Tangerang tapi malah nyasar ke Pondok Jati Sidoarjo, pas cek maps dr app titik nya berdekatan berarti app nya yg salah titik, parahnya ga ada opsi cansel untuk customer dan ga ada pembatasan jarak, masa iya dari Tangerang ke Sidoarjo app terima bisa order ga otomatis nolak krn jarak jauh.pas dtg ke Benton ternyata ga cm sy yg kena byk customer lain, sdh di report ke tomoro pusat tpi ga ada respon."
464,Lama bener woii
465,Madodeppps promonya..madodep pelayanannya...rasanya Jossss...semoga rame ya di bandung timur
466,Tempat nya nyaman. Menu fariativ dan harganya cocok dikantong. Rasanya enak.
467,Enak bgtt kopi pake aplikasi bisa dapet murahhh lagiiiii
468,Mantap
469,Very Nice Service ^^
470,"Pelayanan lambat dan baristanya keteteran 2 kali membeli dg aplikasi selalu dibelakangin, sampai saya nanya sudah belum atas nama kiki, malahan yg bayar langsung tanpa aplikasi promo dapat minumanya duluan entahlah.. Promonya ilangin aja .ga minat untuk beli lagi (Tomorow transpak Bekasi)"
471,Mantap dech pokoknya mah
472,tempatnya nyamannnn 100/100 sii kalian wajib kesiniii xixi
473,"Tomoro yg di jatiwaringin pelayanannya emeejing. Cafenya bersih, dan cinnamon roll tomoro the best. Honestly aku selalu balik ksini karena cinnamon roll nya yg ngangeninğŸ’›"
474,sa ya kmrn dah cb aren lathenya mantap.
475,Ramah pegawainya
476,Mencoba dulu
477,Bagus. UI aplikasinya responsif + rasa arennya jos ğŸ‘
478,"Pelayananya bagus bangettt, tempatnya juga nyaman, bersihh"
479,Kode referral: 61101K Dapet minum gratis
480,The best bgt banyak promo rasanya jg enak bgt
481,Mantaap
482,"Untuk store yg di cinere kayanya kurang orang ya soalnya klo kesono seringnya yg kerja sendiri ampe numpuk orderan jadinya lama ,,, tolong donk di tambah kek orangnya biar klo beli gak nunggu lama sya."
483,Good
484,Enak bangettt
485,Langganan
486,Nuansa coffee nya sangat nyama dan taste aren latte nya sangat smooth
487,"Pas banget suka minum kopi dan kadang susah kalau mau beli l, untung ada aplikasi ini jadi bisa ngopi tiap hari dehğŸ˜‹"
488,"Tomoro coffee tampat nya bagus nyaman, Instagramable dan juga pegawai nya ramah"
489,Barista baik hati dan tidak sombong
490,Baristanya ganteng banget
491,"Aplikasinya the best daftar pertama dapat semua minuman harga 9k doang, keren banget, udah jadi langganan tomorrow coffee"
492,Ok
493,Ok
494,"Bagus bgt, banyak diskonnyaa!! Tempatnya cozy lg"
495,"Baru coba caffe mocha dan shakiso caffe latte lumayan enak, sayang gelasnya kecil utk uk reguler klo dibandingkan dengan kedai kopi lainnya"
496,Oke.
497,"App nya ngebantu bgt untuk pesan coffe disini juga enak2 ,dapet voucher menarik pula,semoga ke depannya bisa dapet banyak voucher lagi yaa hehe"
498,ğŸ‘ğŸ‘ğŸ‘ğŸ‘ğŸ‘
499,Wau kopinya enak sekali dan pelayanannya enak
500,Gak enak
501,"Tomoro coffe kota wisata pelayanannya luar biasa , sangat rekomendasi bgt"
502,Tempatnya bagus cocok untuk nongkrong atau ngerjain tugas dan makanannya murah dan enak.
503,Lelet
504,mantulll jiwaaa
505,"Kopi terbaik nihh, jangaan sampe ga pernah nyobain ğŸ˜"
506,Coffee nya enak.
507,Sippppppp...
508,Everything is good
509,"Mungkin diupdate lagi terus di kasih ""catatan"" Kdg pengen americano on the rock soalnyaa hehehe. Sama kalau bisa pembayaran nya ditambah VA bank juga biar makin gampang"
510,Aplikasi nya baguss ğŸ‘ğŸ‘
511,"Aplikasi yang kreatif dan efiensi cara memesan, tolong sering dibanyakin promo-promonyağŸ˜Š"
512,Mantap
513,kopi nya enak & harga nya terjangkau
514,PARAH LAMA BANGET PENGRIMANNYA DAH 1 1/2 JAM TIDAK SAMPAI UDAH GT GA ADA YANG HUBUNGI SAYA SEBAGAI CUSTOMER...PELAYANAN BURUK SEKALI DAN SALAH TITIK PENGIRIMAN DARI GRAB JD DIKEMBALIKAN OLEH GRAB GA PROFESIONAL GA TAU KOPI SAYA KMN
515,Terima Kasih Untuk Pelayanannya
516,"Kopi nya enak banget, cup nya juga oke dan tebel . Kopi andalan ketika ngantuk dijam kerja sih ini mantap"
517,mantap jiwaa
518,"Tempat nya nyaman, pegawai nya ramahÂ², rasa coffe tomoro coconut latte sama Chocolat nya jg nagih. Bakal kesana lagi buat coba yg lain. ğŸ”¥â£ï¸"
519,Aplikasi nya keren. Banyak promonya. Kopinya enak
520,Pengalaman yang menyenangkan dan pelayanan ramah.. Thx
521,tomoro rekomen pokonya
522,Taste good
523,Enak nih rekomendasi ğŸ‘ğŸ‘
524,"Keren, cozy dan ramah"
525,"Cozzy, nice price"
526,Pilihan gulanya adakan yang NO SUGAR donk utk yang tidak konsumsi atau tidak boleh konsumsi gula
527,Aplikasi coffee terbaik
528,"App ga muncul tulisan, ga bisa di klik juga"
529,Verifikasi nomornya terlalu lama 1 jam
530,"Aplikasi bagus, pelayanan kurang dan gelas/cup cepat bocor (terlalu tipis)"
531,Perlu ditambahkan categori utk ug less ice...
532,Promo & nikmat kopinya
533,Wah di tomoro caffe graha pena enak enak asik asik
534,tambahin dong vouchernya 2 kek biar bisa nyobain kopi sekaligus pastri nya :(
535,"Very good UX, dan banyak benefit ordernyaa."
536,Sudah 3x order selalu salah titik pengiriman..
537,Pastikan saya dpt promo lg @nur kholis
538,Kopinya enak mantab ada tempat nongkrong nya
539,Minuman dan makanan mantap. Tempat adem nyaman
540,New taste and I like itğŸ¤©ğŸ˜ğŸ‘â˜•
541,"Kasih tau baristanya di rawalumbu, gausah centil sama suami orang"
542,"Aplikasinya jadi ga repot nunggu,di aplikasi sedang proses kopi sudah jadi manataapp pokoknya tomoro coffee ğŸ‘"
543,Ok
544,"Enak, bagus ğŸ™"
545,Untuk pelayanan online jelek sedangkan yg offline di dahulu kan jika anda prioritas offline tidak usah buka online nya cabang bip kurang baik untuk onlinenya
546,"Kopinya enakk, murah krn lagi ada promo, trus tempatnya enak buat skripsian, makanannya cukup enak, all well"
547,"Pesen lewat aplikasi di ambil sendiri tapi ko lama bgttt pesenan ga jadi2. Pas di samperin trnyata pesenan gua udah jadi dari tadi malah sibuk am member customer . Lain kali selesaikan dulu pesenan yg online baru sibuk am yg yg lain pinteeeeer .Ampe cair pesen matcha frappe Ampe whipped cream gua meleleh ga keliatan whipped cream cair ama es batu. Coconut latte juga ga manis gara2 cair es batu. Tomoro merpati depan perumahan harvest, udah g lagi"" pesen di sini bikin emosi aja 35 kayak es blender"
548,"Baru buka di Citraland Celebes, Kualitas Kopi Arennya mantap dan kelas, bakal jadi t4 nongki andalan neh di tomoro coffee. Secara Lokasi rumah deket dari outletnya.terima kasih tetap jaga cita rasanya yah."
549,Mohon fasilitas tomorow Coffee cabang cifest di perhatikan . Di toilet tidak ada tempat sampah. Toilet jadi berantakan . Pembalut dan tisu dimana mana . Kalau yang lainnya sudah oke . Terimakasih
550,SANGAT MEMUASKAN
551,"Tempat nya nyaman, makanan nya enak, kopinya jg enaaak... ğŸ˜"
552,"Kopinya enakkk ğŸ˜ syuka syekaliii, udh 3 hari berturutÂ² jajan tomoro terus krn seenak itu...syuummm ğŸ¤¤ Apalagi udah ada aplikasinya, sangat terbantu klo order online ğŸ¤ terlove lah tomoro"
553,"aplikasi nya mantep jadi ga repot nunggu, diaplikas sedang proses kopi sudah jadi mantap"
554,"temenku banyak yang pake referal tapi kok vouchernya cuma masuk 1x ya, dan kebacanya cuma 1"
555,"Pengalaman pertama. Kopinya pas, discount ok, dan t4 nyaman"
556,Enak bgt dan harga terjangkau .. buat santai sambil nge desian paling enak ngopi di tomoro coffee ğŸ˜
557,ringan dan mudah digunakan
558,"Mantap rasa coffee nya..varian rasanya pun banyak, harga juga masih terjangkau.."
559,good
560,Best application i've ever had. Very simple to use! Thank you tomoro coffee!
561,buruk pelayanan
562,"Tolol pelayanan nya , saya bawa keluarga kesana tidak dilayani dengan baik dan antrian ngak jelas , kita sudah disana ngak dilayanin"
563,Mantepp
564,"Aplikasinya nya bagus, sangat membantu, bisa pickup juga, untuk pembayaran nya mudah banyak pilihan ewalet dan banyak promo nya.. sukaakkk pokoknya.."
565,Mohon untuk menambahkan opsi pembayaran lainnya seperti QRIS. Terima kasih ğŸ™ğŸ»
566,Kasih diskon lagi min.
567,Kode Bonus = 24806M
568,Aplikasi masih lemot mah jangan di running dulu
569,Recommended utk nongkrong dan asik dah pokoknya
570,Terbaik Ga ada obat Tomoro Banyak discount worth abis di semua kalangan
571,Kopi nya mantap berasa
572,Lumayan mahal shayy
573,"Thanks ya tomoro coffee kopinya nikmat banget, pelayanan juga baik-baik banget"
574,Mantap kopinya dan pelayanannya OKE
575,"Kopinya enak, harga bersahabat, top pokoknya.."
576,Diskon 9.000 ga bisa dipakai. Delivery sibuk terus. Jadi ga guna aplikasinya.
577,Enak
578,"recommended, the best semuanya."
579,"Soorrry banget, udh berapa orang pake refferal gue tapi gue gapernah dapet promonya. Padahak orang orang udh order juga, tapi statusnya masih registered doang wkwkwk keciwi"
580,Bagua
581,"Klo pesennya online payah, yg pertama udah mesen, udah pembayar pake ovo, udh ada bukti saldo kepotong, smpe outlet pesenannya nggak ada katanya, jelas2 udah ada buktinya, dan udh dibiarin gtu aja, yg kedua mesen lagi malah nggak dikasih gula sama sekali, kapok beli disini lagi"
582,"TOMORO COFFEE FIX ENAK, nikmati promo pakai REFFERAL -->>>> 53960H"
583,"Aplikasi ini gak bermanfaat Gaada pilihan untuk ""less ice"" atau ""less sugar"" Males gw mau minum matcha latte bukan es batu doang dibanyakin"
584,Kopinya mantap kali. Thank baristanya Carlito
585,"Kopinya enak, sensasi rasanya pas utk segala mood kalian. Pelayanan ramah Carlito"
586,"Thanks udah respon kopi tomoro, kemarin dana udah balik yg gagal payment. Hopefully cabangnya makin banyak, di bekasi baru tau ada di revo town. Makin banyak promo dan varian nya ya, best luck!!"
587,"Aplikasi ini ga terlalu bermanfaat karna tomoro kurirnya sendiri sibuk terus dan ga bs delivery dengan kurir tomoro, harus pick up sendiri atau order via gofood/grabfood. Belum lg rasa kopi di tiap store beda2 tergantung barista... Beberapa store rosting kopinya terlalu lama jadinya sangit dan pait banget. Entah apa biji kopinya yg diganti ya... tapi beda banget rasanya dengan dulu yg saya beli di depok."
588,"Tolong di perbaiki jangan mentang"" udah mau tutup masa saya pesan coffe aren late ga ada rasnya hambar banget, tomoro city plaza"
589,Tolong dikasih kolom notes
590,Kopi nya mantap...... Pelayanan nya ramah Tempat nya nyaman
591,"Mantap, kopinya enakğŸ‘ğŸ‘"
592,Kopinya enak banget
593,Kopi nya mantuuuulğŸ‘
594,"Harus banget di coba sii , gabisa di ungkapkan dengan katağŸ’“"
595,"Apk nya sangat membantu, kopi nya enak, variasinya banyak.. goodğŸ‘ğŸ‘"
596,"enak bet kopi nya,,"
597,kopinya enak banget ğŸ‘ğŸ‘ğŸ‘
598,Overall rasanya diatas ekspetasi enak
599,Ini baru cocok buat pecinra coffe
600,Kopinya nagihâ˜•ï¸ğŸ˜‰
601,Kopinya enak banget
602,"Baguss & user friendly..promonya jg masih banyaakk..tapi plissss kasih kolom catatan dong untuk custom pesanan, mau pesen kopi ga pake gula jd hrs manual ngomong ke barista...."
603,Kerennn banget kafeee nyaaa nyaman ruangannya rasa coffee nya banyak variannn
604,Aku blm coba bisa dianter gk ya ke rmh
605,Referal code: LKQV1K
606,Yakin taste minumannya enak2 walaupun blom nyoba. Lantaran tomo deliv nya sibuk trus. Klo pilihanya pickup sendiri pasti bnyak yg ga bisa. Coba di kasih opsi lagi untuk delivery nya
607,mantaap lagi byk promo trs diskon jg :D
608,Enak banget kopinya
609,"Staff nya baik banget, helpful, banyak promonya jugaaa, thankyou"
610,Pokoknya enak pake banget.. harga bersahabat juga.. pilihan banyak dan semua varian cocok di aku... Anak2 paling suka pink pop lemoned yg segar.. dan aku rekomendasikan coconut latte yg creamy menurut aku..
611,Rasanya enak kopinya brasa bnget
612,"Kopi nya enak , makanan nya juga enak ,baru pertama kali nyobain langsung jatuh cinta sama kopi nya hehe, kapan2 kita cobain lagi menu yg lain nya"
613,masuk aja susah..suruh cek jaringan mulu pdhl sinyal kenceng
614,tolong balikan menu ice latte
615,"Lokasi tidak akurat, sehingga sering salah lokasi outlet pesanan, saya di menara jamsostek pesanan ke artagraha, sehingga tidak bisa diambil,"
616,Mantabbb..... Pelayanan good
617,Tolong di tegur pegawai namanya NIko shift pagi cab pwrcetakan negara jam 8 pagi sudah 2 xminum.dilayani dia salah trus saya minta cofee panas dia kasi es seprtinya dia ada banyak masalah tdk konsen dalam bekerja mhn ingatin makasih
618,mantul rasa kopinya
619,Ribet
620,Coffeenya enak
621,"Jangan berharap dapet tempat duduk klo dine in, soalnya yg dudukin stafnya sendiri"
622,Kenapa voucher pengguna barunya ga bisa dipake ? Mana udah kepotong 2x shopee pay saya.
623,"Katanya bisa pesan lewat online,pas saya pesan orderan dibatalkan,gak recommended buat download aplikasi nya soalnya gak bisa order online mesti langsung ke gerai dulu baru bisa sama aja saya mesti ngantri juga buat beli nya niat hati gak mau ngantri ini di suruh ngantri juga"
624,"Belum ada pemilihan tingkat kemanisan, padahal kalau beli langsung di outlet bisa pilih tingkatannya."
625,Rasanya unik
626,Good
627,Enak nih kayanya....
628,"Bagus, dan sangat direkomendasikan"
629,Nice coffe and Croissant.
630,"Rasanya unik, harganya menarik, pelayananan mantap"
631,"Belum beli, Tapi langsung kasih bintang 5."
632,Outlet tidak ada di kotaku.
633,"Jujur gue baru coba ini coffee di citra 7, cocok banget di lidah dan aman di lambung gue, tempatnya bersih AC nya juga dingin"
634,Enak kopi nya.. pelayanan ny juga bagus.
635,"Menu nya variatif ya, rasanya kopi nya ga yang pasaran,, untuk me time sama suami dan temen tempatnya oke banget"
636,"Enak coffe latte - nya,...nanti coba yang lainnya"
637,Kopinya uenakk harga bersahabat
638,"Kopinya enak murah meriah, semoga adminnya lebih aktif buat memperkenalkan storeÂ²nya dan lebih kreatif yaağŸ¥³â¤ï¸â¤ï¸"
639,A good place for hangout
640,"Tempatnya nyaman, kebetulan dekt dengan kantor. Pembayaran g ribet, auto kelar..."
641,"Lots varian drink, cozy place Enak buat nongkrong"
642,coffe nya enak
643,"Perdana mau nyobain beli kopi di tomoro coffe Bintaro tanpa voucher Dateng jam 21.54 ternyata sudah closing di jam 21.45 padahal cuma beda beberapa menit tapi ga di layanani dengan alasan sudah closing, mungkin sudah SOP nya begitu kali jadi udah males buat mampir ke lokasi tersebut"
644,"Aplikasi sudah cukup bagus, hanya saja perlu Optimalisasi pada saat Load data Lokasi agar tidak berat. Mungkin karena sistemnya ""hit"" terus-menerus setiap ada yang buka jadi berat."
645,Tomoro coffee Yasmin .. pelayanannya Good (ramah dan cepat).. Terima kasih Tomoro Coffee Yasmin sukses selalu ya kak.. ğŸ™ğŸ‘ğŸ‘ğŸ‘âœ¨ï¸GBU
646,Miaw
647,Aplikasi sangat membantu
648,Kopinya enak dan harganya terjangkau
649,"Cab Sunter kacau, Kasir n Barista jadi 1, Terima Orderan terus hebat, ngelobby hebat, tapi sayangnya Bikin Kopinya 30mnt. Bossnya jg bukannya bantuin dulu bentar malah Ngobrol aje. Estimasinya 3-8mnt Estimasi Barista 15mnt Jadinya 30mnt, Orang kalau jadi kasih ke customer Dulu. Jangan Terima Orderan terus. Selesaikan Orderan yg diterima sebelumnya. Jangan Lagi Bikin distop terima Orderan. Minuman Saya Esnya sampe mau Hilang baru dikasih. Kl kg ditanyain kg bakal dikasih kayanya."
650,Mantab
651,Roti dan minumannya enakkkkk bangetttt... love bgt deh sama tomoro coffee.. succses slalu yaaah ğŸ˜˜ğŸ˜˜ğŸ˜˜ğŸ˜˜
652,Selalu deh balik2 lagi ketomoro coffee jd langganan trs dehhh ...harganya yg murah pelayanannya ramah bgt lagi
653,Lumayan nyaman sm tmpt hargany ramah di kantong apa lg sy mahasiswa bnyk promo ny jg
654,Nyegerin minumanya
655,Bagus pelayanannya
656,Bener2 pelayanan yg bagus..pernah order salah outlet..tp msh bisa saya ambil di hari berikutnya..good service
657,Nice skill for the barista. Goodjob for selection staf.
658,Muantappp bener ni apk
659,Mantap
660,Nice coffee
661,Mantap kopinya.. Yuk gess ngopi.. Layanan ramah bangt geees
662,"Memudahkan untuk beli gk perlu nunggu, Kopinya enak"
663,Kopi nya enak mantul2
664,Mantap
665,Banyak diskon nya
666,Gratissss
667,"The best, harus di coba guys"
668,"Kopinya enak, bahan"" yg di pakai premium.tempatnya cocok untuk nongkrong ngobrol santai sambil ngopi bareng teman"
669,"Sudah bagus, hanya ditingkatkan lagi, misalkan delivery...ada plat kendaraan atau no hp atau chat, bisa dilihat sudah dimana posisi delivery."
670,"Kopinya pakai biji kopi arabica, rasa lebih enak,creamy harga terjangkau, kualitas premium"
671,"sudh brp kali beli scara online dan rasanya cocok dilidah saya (enaaak).. bru kali ini mau coba lewat aplikasinya lgsug, tpi setting/buat alamat pengirimannya kok ga ada yaa . agak sulit jadinya"
672,kopinya Enak pelayanannya juga mantap
673,"Aplikasinya tidak ada alamat untuk pengiriman ke customer, jdi ketika pesan lewat aplikasi tidak tahu sudah dimana dan dikirim kmna. Nama pengirimnya dan no telp yang bisa dihubungi juga tidak ada. Jadi pesanan saya tidak tau dikirim ke alamat mana, tetapi pengantaran sudah selesai. Tolong diperbaiki lagi aplikasinya ya."
674,Kopinya enak nendang.
675,Ice coffee nya enak
676,"Enakk banget kopinyaa, cocok buat yang mau ngopi abis plg kerjaâ¤"
677,"Enak rasa coffee nya,terimakasih sdh diantarkan free coffee nyağŸ™"
678,Wahhh coffee nya eank banget asli kalian harus coba .
679,"Mantaafff, belum pernah mengecewakan dan ramah2 semua barista nya ,.. good job ğŸ‘ğŸ‘"
680,Mntap
681,Kerenn coffe nya enakk
682,Makasih yhhh
683,"Thanks for free coffee nya, enak banget, tempat nya oke"
684,"Pelayanan, harga dan rasa semuanya menyenangkan.. aplikasi nya juga simpel dan banyak promo2.."
685,"Pelayanan cepat, rasa enak"
686,Thanks TC
687,Mantap makasih kak kopi gratis nyağŸ˜
688,Sumpah ini kopi paling enak. Gratisss pula ga nyesel pokonya. Dicoba buruan
689,Top
690,Kopinya enak gak manis.... love it so much!!
691,Mantap
692,Its good..
693,Semoga Sukses
694,Kopinya rasanya enak sekali
695,Bagus
696,Admin tolong adain fitur #catatan atau #noted biar kita mau request less ice atau less sugar gampang
697,"Keren banget nih aplikasi, makasih banyak atas kopi gratisnya min ğŸ¥°ğŸ˜ğŸ˜ğŸ˜ğŸ˜ğŸ˜ğŸ˜ğŸ˜"
698,Okay
699,Mantap rasanya
700,Jia you
701,"Thanks buat free kopi nyağŸ¥° Tempatnya cozy banget buat nongkrong, meeting atau kerja hihi"
702,Mantaapp simple
703,Kopinya enak...mantap
704,"Good Coffe, Sukses Selalu"
705,"Thank you for the coffee, hopefully in the future it will always be successful Tomoro coffeeğŸ‘Œ"
706,ga bisa download
707,ğŸ‘ğŸ‘ğŸ‘ğŸ‘
708,Suksess selalu ğŸ”¥ğŸ”¥ğŸ”¥
709,Kopinya enak banget bikin kenyang tapi nagih ğŸ‘
